#{"t_start": 1622641702.8374615, "env_id": null}
r,l,t
37.46989,60,4.456858
38.499346,39,5.017347
-33.0,58,5.758818
32.663399,76,6.587291
32.814815,64,7.150774
37.574876,36,7.606259
-32.49,54,8.227238
-32.42,54,8.756222
-32.18,45,9.184207
-34.95,56,9.803688
-35.23,40,10.207175
-32.16,81,10.99065
-32.81,46,11.410636
32.872964,124,12.569601
-37.93,52,13.016087
32.337349,74,13.776562
37.602493,48,14.274045
44.036179,32,14.545038
-44.01,58,15.122519
-39.98,46,15.535006
38.310153,35,15.898994
-35.15,62,16.420478
-38.05,58,16.946461
41.529332,57,17.420445
33.0,80,18.084925
-33.0,47,18.431415
-45.08,35,18.771904
-35.01,102,19.716873
40.966866,40,20.10686
40.058482,41,20.487848
32.968085,63,21.001832
-32.99,75,21.622312
-35.2,59,22.177794
37.196364,54,22.810775
32.352239,56,23.377756
-32.21,55,23.857741
-32.56,48,24.316727
-32.44,99,25.1287
37.547906,53,25.577187
-37.9,42,25.887177
-33.0,66,26.375161
-37.33,38,26.689652
37.750507,38,27.003141
-34.89,86,27.66712
-37.9,38,27.95111
-35.01,50,28.337099
36.612211,55,28.775085
-35.03,70,29.327067
34.800686,40,29.619057
32.146341,73,30.19754
-35.73,125,31.175508
40.191297,55,31.608494
32.581481,108,32.320972
32.52568,94,33.039449
-35.58,56,33.438436
32.868421,55,33.852423
-32.22,70,34.350407
32.163717,63,34.818892
41.296396,19,35.021385
-32.04,48,35.393374
-39.95,68,35.913859
32.766234,60,36.339844
-43.66,55,36.740832
32.370629,81,37.331813
-35.24,46,37.7583
32.063898,49,38.116789
36.585511,68,38.582273
32.389728,59,39.044258
-35.15,42,39.34625
-42.5,63,39.818233
30.0,81,40.499712
-34.94,53,40.8672
32.495775,56,41.309186
-41.4,29,41.531178
40.661889,55,41.972165
-32.08,60,42.407651
-32.05,43,42.761639
32.631579,55,43.13313
35.670203,75,43.716609
34.351169,52,44.088097
35.46382,95,44.784075
-32.59,72,45.295559
-36.56,41,45.650548
-32.94,67,46.159031
-32.49,50,46.53252
35.446705,40,46.899009
-35.85,40,47.300996
-32.62,74,47.925977
-35.81,143,48.966944
36.0,61,49.401429
37.991937,45,49.816916
32.075,76,50.442895
-43.18,35,50.718386
38.131207,35,51.039876
32.049774,62,51.57786
-40.25,60,52.020846
37.658257,55,52.465832
-37.44,52,52.901318
32.441509,64,53.361803
-32.85,72,54.034281
38.00045,54,54.425269
38.109937,55,54.813757
-32.18,108,55.683229
37.523662,52,56.179713
-32.34,60,56.611699
32.973837,136,57.638667
-37.86,42,57.946657
32.453441,63,58.419142
-35.27,46,58.808629
32.91954,70,59.269115
35.053048,71,59.801098
-35.63,94,60.504575
32.955466,54,60.944062
-32.92,122,61.754036
-46.74,30,62.006027
-41.21,70,62.534512
-37.13,43,62.867501
-34.42,53,63.234489
-37.34,36,63.51948
-32.47,39,63.84497
32.639485,54,64.274956
43.123408,45,64.642945
32.473469,95,65.509917
-35.21,62,65.936403
-32.62,43,66.235893
32.840764,96,66.935871
-33.0,34,67.223361
-32.25,44,67.547351
32.902098,56,67.934339
-32.8,108,68.804312
-32.65,56,69.225298
-40.47,83,69.784281
34.341325,46,70.09977
-32.61,53,70.517757
-32.72,56,70.910745
-32.03,47,71.285234
32.525597,50,71.69222
32.043771,49,72.089208
-35.02,93,72.814684
-35.51,71,73.342167
-32.59,49,73.716156
-35.04,44,74.070144
34.796327,66,74.560128
-37.21,52,74.977616
-32.58,59,75.517099
33.0,46,76.040583
-33.0,63,76.668062
-30.0,44,77.113548
37.559968,44,77.456037
32.090909,57,77.919522
35.504532,48,78.260011
40.611946,41,78.564504
-32.16,62,79.035486
32.439863,60,79.55647
32.939597,41,79.91296
-35.0,44,80.318446
32.757085,98,81.089422
-35.39,55,81.517908
34.123769,114,82.303883
35.475807,64,82.741868
-32.21,58,83.218354
-32.02,63,83.94633
-35.31,82,84.566311
-32.74,60,84.982298
-33.0,81,85.660276
